commission-for-rural-communities,Commission for Rural Communities,alb
dudley-metropolitan-borough-council,Dudley Metropolitan Borough Council,local-council
animal-health,Animal Health,executive-agency
animal-health-and-veterinary-laboratories-agency,Animal Health and Veterinary Laboratories Agency,executive-agency
consumer-council-for-water,Consumer Council for Water,executive-ndpb
gangmasters-licensing-authority,Gangmasters Licensing Authority,executive-ndpb
joint-nature-conservation-committee,Joint Nature Conservation Committee,executive-ndpb
veterinary-laboratories-agency,Veterinary Laboratories Agency,executive-agency
british-waterways,British Waterways,charity-ngo
lichfield-district-council,Lichfield District Council,local-council
basildon-borough-council,Basildon Borough Council,local-council
warwick-district-council,Warwick District Council,local-council
chelmsford-borough-council,Chelmsford Borough Council,local-council
chelmsford-city-council,Chelmsford City Council,local-council
norwich-city-council,Norwich City Council,local-council
taunton-deane-borough-council,Taunton Deane Borough Council,local-council
previous-defra-organizations,Previous DEFRA organizations,grouping
hastings-borough-council,Hastings Borough Council,local-council
south-norfolk-district-council,South Norfolk District Council,local-council
london-borough-of-hammersmith-and-fulham,London Borough of Hammersmith and Fulham,local-council
dudley-walsall-mental-health-partnership-nhs-trust,Dudley & Walsall Mental Health Partnership NHS Trust,local-council
south-buckinghamshire-district-council,South Buckinghamshire District Council,local-council
chiltern-district-council,Chiltern District Council,local-council
hertsmere-borough-council,Hertsmere Borough Council,local-council
central-bedfordshire-council,Central Bedfordshire Council,local-council
devon-county-council,Devon County Council,local-council
city-of-bradford-metropolitan-district-council,City of Bradford Metropolitan District Council,local-council
south-lakeland-district-council,South Lakeland District Council,local-council
borough-council-of-king-s-lynn-and-west-norfolk,Borough Council of King's Lynn and West Norfolk,local-council
watford-borough-council,Watford Borough Council,local-council
richmondshire-district-council,Richmondshire District Council,local-council
charnwood-borough-council,Charnwood Borough Council,local-council
knowsley-borough-council,Knowsley Borough Council,local-council
broadland-district-council,Broadland District Council,local-council
halton-borough-council,Halton Borough Council,local-council
teignbridge-district-council,Teignbridge District Council,local-council
dartmoor-national-park-authority,Dartmoor National Park Authority,other
exmoor-national-park,Exmoor National Park Authority,other
lake-district-national-park,Lake District National Park Authority,other
north-york-moors-national-park,North York Moors National Park,alb
cumbria-county-council,Cumbria County Council,local-council
peak-district-national-park-authority,Peak District National Park Authority,other
south-downs-national-park-authority,South Downs National Park Authority,other
scarborough-borough-council,Scarborough Borough Council,local-council
cambridgeshire-insight,Cambridgeshire Insight,local-council
broxbourne-borough-council,Broxbourne Borough Council,local-council
borough-council-of-kings-lynn-west-norfolk,Borough Council of King's Lynn & West Norfolk,local-council
northern-ireland,Northern Ireland,grouping
national-biodiversity-network,National Biodiversity Network,alb
hm-inspectorate-of-prisions,HM Inspectorate of Prisons,other
national-savings-and-investments,National Savings and Investments,non-ministerial-department
national-school-of-government,National School of Government,other
marine-environmental-data-information-network,Marine Environmental Data & Information Network,other
geography-and-technology,Geography and Technology,
hm-crown-prosecution-service-inspectorate,HM Crown Prosecution Service Inspectorate,other
cafcass,Cafcass,alb
cheshire-east-council,Cheshire East Council,local-council
durham-county-council,Durham County Council,local-council
north-norfolk-district-council,North Norfolk District Council,local-council
broxtowe-borough-council,Broxtowe Borough Council,local-council
rhondda-cynon-taff-county-borough-council,Rhondda Cynon Taff County Borough Council,local-council
british-educational-communications-and-technology-agency,British Educational Communications and Technology Agency,executive-agency
department-for-children-schools-and-families,"Department for Children, Schools and Families",ministerial-department
office-for-standards-in-education-childrens-services-and-skills,"Office for Standards in Education, Children's Services and Skills",non-ministerial-department
school-food-trust,School Food Trust,other
audit-commission,Audit Commission,gov-corporation
homes-and-communities-agency,Homes and Communities Agency,executive-ndpb
infrastructure-planning-commission,Infrastructure Planning Commission,other
leasehold-advisory-service,Leasehold Advisory Service,executive-ndpb
local-government-ombudsman,Local Government Ombudsman,other
northumberland-national-park-authority,Northumberland National Park Authority,other
fire-service-college,Fire Service College,other
surrey-heath-borough-council,Surrey Heath Borough Council,local-council
guildford-borough-council,Guildford Borough Council,local-council
government-offices,Government Offices,non-core-department
independent-housing-ombudsman,Independent Housing Ombudsman,alb
bromsgrove-district-council,Bromsgrove District Council,local-council
local-government-boundary-commission-for-england,Local Government Boundary Commission for England,alb
redditch-borough-council,Redditch Borough Council,local-council
national-association-of-local-councils,National Association of Local Councils,local-council
the-leasehold-advisory-service,The Leasehold Advisory Service,alb
west-northamptonshire-development-corporation,West Northamptonshire Development Corporation,executive-agency
stroud-district-council,Stroud District Council,local-council
queen-elizabeth-ii-conference-centre,Queen Elizabeth II Conference Centre,executive-agency
crown-prosecution-service,Crown Prosecution Service,non-ministerial-department
food-standards-agency,Food Standards Agency,non-ministerial-department
forestry-commission,Forestry Commission,non-ministerial-department
government-actuarys-department,Government Actuary's Department,non-ministerial-department
london-thames-gateway-development-corporation,London Thames Gateway Development Corporation,executive-ndpb
national-crime-agency,National Crime Agency,non-ministerial-department
office-of-the-advocate-general-of-scotland,Office of the Advocate General of Scotland,ministerial-department
standards-board-for-england,Standards Board for England,other
tenant-services-authority,Tenant Services Authority,executive-agency
valuation-office-agency,Valuation Office Agency,executive-agency
valuation-tribunal-service,Valuation Tribunal Service,tribunal-ndpb
thurrock-thames-gateway-development-corporation,Thurrock Thames Gateway Development Corporation,other
london-borough-of-tower-hamlets,London Borough of Tower Hamlets,local-council
rushmoor-borough-council,Rushmoor Borough Council,local-council
spelthorne-borough-council,Spelthorne Borough Council,local-council
ceredigion-county-council,Cyngor Sir Ceredigion County Council,local-council
staffordshire-county-council,Staffordshire County Council,local-council
central-midlands-csu,NHS Central Midlands CSU,nhs
mansfield-district-council,Mansfield District Council,local-council
wrexham-county-borough-council,Wrexham County Borough Council,local-council
borough-of-broxbourne,Borough of Broxbourne,local-council
derbyshire-dales-district-council,Derbyshire Dales District Council,local-council
civil-aviation-authority,Civil Aviation Authority,gov-corporation
trinity-house-lighthouse-service,Trinity House Lighthouse Service,alb
british-transport-police-authority,British Transport Police Authority,executive-ndpb
child-maintenance-and-enforcement-commission,Child Maintenance and Enforcement Commission,other
coal-authority,Coal Authority,executive-ndpb
committee-on-climate-change,Committee on Climate Change,executive-ndpb
council-for-healthcare-regulatory-excellence,Council for Healthcare Regulatory Excellence,other
directly-operated-railways,Directly Operated Railways Limited,executive-ndpb
health-and-safety-executive,Health and Safety Executive,executive-ndpb
health-protection-agency,Health Protection Agency,executive-agency
highways-england,Highways England,executive-agency
human-fertilisation-and-embryology-authority,Human Fertilisation and Embryology Authority,executive-ndpb
independent-living-fund,Independent Living Fund,executive-ndpb
maritime-and-coastguard-agency,Maritime and Coastguard Agency,executive-agency
national-employment-savings-trust,National Employment Savings Trust,executive-ndpb
office-for-low-emission-vehicles,Office for Low Emission Vehicles,sub-organisation
office-of-rail-and-road,Office of Rail and Road,non-ministerial-department
pensions-ombudsman,Pensions Ombudsman,tribunal-ndpb
railway-heritage-committee,Railway Heritage Committee,executive-ndpb
remploy-limited,Remploy Limited,executive-ndpb
renewable-fuels-agency,Renewable Fuels Agency,executive-agency
the-northern-lighthouse-board,The Northern Lighthouse Board,executive-ndpb
the-pensions-advisory-service,The Pensions Advisory Service,executive-ndpb
the-pensions-regulator,The Pensions Regulator,executive-ndpb
vehicle-and-operator-services-agency,Vehicle and Operator Services Agency,executive-agency
marine-accident-investigation-branch,Marine Accident Investigation Branch,other
appointments-commission,Appointments Commission,
transport-direct,Transport Direct,""
human-tissue-authority,Human Tissue Authority,executive-ndpb
snowdonia-national-park-authority,Snowdonia National Park Authority,alb
amber-valley-borough-council,Amber Valley Borough Council,local-council
fco-services,FCO Services,executive-agency
borough-of-poole,Borough of Poole,local-council
ryedale-district-council,Ryedale District Council,local-council
marshall-aid-commemoration-commission,Marshall Aid Commemoration Commission,executive-ndpb
medicines-and-healthcare-products-regulatory-agency,Medicines and Healthcare products Regulatory Agency,executive-agency
westminster-foundation-for-democracy,Westminster Foundation for Democracy,executive-ndpb
royal-college-of-paediatrics-child-health,Royal College of Paediatrics & Child Health,
civil-service-learning,Civil Service Learning,sub-organisation
wirral-metropolitan-borough-council,Wirral Metropolitan Borough Council,local-council
hambleton-district-council,Hambleton District Council,local-council
southwark-london-borough-council,Southwark London Borough Council,local-council
broads-national-park-authority,Broads National Park Authority,alb
oldham-council,Oldham Council,local-council
west-somerset-district-council,West Somerset District Council,local-council
nhs-oxfordshire-ccg,NHS Oxfordshire CCG,nhs
nhs-aylesbury-vale-ccg,NHS Aylesbury Vale CCG,nhs
nhs-bracknell-and-ascot-ccg,NHS Bracknell and Ascot CCG,nhs
nhs-slough-ccg,NHS Slough CCG,nhs
nhs-south-reading-ccg,NHS South Reading CCG,nhs
nhs-windsor-ascot-maidenhead-ccg,"NHS Windsor, Ascot & Maidenhead CCG",nhs
nhs-chiltern-ccg,NHS Chiltern CCG,nhs
nhs-newbury-and-district-ccg,NHS Newbury and District CCG,nhs
warrington-borough-council,Warrington Borough Council,local-council
oxfordshire-county-council,Oxfordshire County Council,local-council
gosport-borough-council,Gosport Borough Council,local-council
north-east-lincolnshire-ccg,NHS North East Lincolnshire CCG,nhs
greater-manchester-combined-authority,Greater Manchester Combined Authority,local-council
nhs-wokingham-ccg,NHS Wokingham CCG,nhs
great-yarmouth-and-waveney-primary-care-trust,Great Yarmouth and Waveney Primary Care Trust,alb
epsom-and-ewell-borough-council,Epsom and Ewell Borough Council,local-council
robert-jones-agnes-hunt-orthopaedic-district-hospital-nhs-trust,Robert Jones & Agnes Hunt Orthopaedic & District Hospital NHS Trust,alb
derbyshire-mental-health-services-trust,Derbyshire Mental Health Services Trust,alb
water-services-regulation-authority-ofwat,Water Services Regulation Authority (OFWAT),alb
west-berkshire-council,West Berkshire Council,local-council
government-digital-services,Government Digital Services,sub-organisation
shropshire-council,Shropshire Council,local-council
advisory-conciliation-and-arbitration-service,"Advisory, Conciliation and Arbitration Service",executive-ndpb
national-college-for-leadership-of-schools-and-childrens-services,National College for Leadership of Schools and Children's Services,executive-agency
office-of-the-prime-minister,Office of the Prime Minister,executive-office
robert-jones-and-agnes-hunt-orthopaedic-hospital-nhs-foundation-trust,Robert Jones and Agnes Hunt Orthopaedic Hospital NHS Foundation Trust,nhs
chartered-institute-of-public-finance-and-accountancy,Chartered Institute of Public Finance and Accountancy,
kettering-borough-council,Kettering Borough Council,local-council
south-derbyshire-district-council,South Derbyshire District Council,local-council
vale-of-glamorgan-council,Vale of Glamorgan Council,local-council
city-of-york-council,City of York Council,local-council
transport-for-greater-manchester,Transport for Greater Manchester,local-council
pembrokeshire-coast-national-park-authority,Pembrokeshire Coast National Park Authority,alb
driver-vehicle-standards-agency,Driver & Vehicle Standards Agency,executive-agency
gloucestershire-county-council,Gloucestershire County Council,local-council
conwy-county-borough-council,Conwy County Borough Council,local-council
rutland-county-council,Rutland County Council,local-council
east-cambridgeshire-district-council,East Cambridgeshire District Council,local-council
mendip-district-council,Mendip District Council,local-council
trafford-council,Trafford Council,local-council
canterbury-city-council,Canterbury City Council,local-council
dover-district-council,Dover District Council,local-council
thanet-district-council,Thanet District Council,local-council
cannock-chase-district-council,Cannock Chase District Council,local-council
stafford-borough-council,Stafford Borough Council,local-council
rugby-borough-council,Rugby Borough Council,local-council
nuneaton-and-bedworth-council,Nuneaton and Bedworth Council,local-council
breckland-district-council,Breckland District Council,local-council
waverley-borough-council,Waverley Borough Council,local-council
south-cambridgeshire-district-council,South Cambridgeshire District Council,local-council
malvern-hills-district-council,Malvern Hills District Council,local-council
worcester-city-council,Worcester City Council,local-council
north-devon-council,North Devon Council,local-council
west-lindsey-district-council,West Lindsey District Council,local-council
nhs-connecting-for-health,NHS Connecting for Health,alb
office-of-the-schools-adjudicator,Office of the Schools Adjudicator,other
school-teachers-review-body,School Teachers' Review Body,advisory-ndpb
social-mobility-and-child-poverty-commission,Social Mobility and Child Poverty Commission,advisory-ndpb
derby-city-council,Derby City Council,local-council
london-borough-of-richmond-upon-thames,London Borough of Richmond Upon Thames,local-council
east-riding-of-yorkshire-council,East Riding of Yorkshire Council,local-council
st-helens-and-knowsley-hospitals-nhs-trust,St Helens and Knowsley Hospitals NHS Trust,alb
aylesbury-vale-district-council,Aylesbury Vale District Council,local-council
torfaen-county-borough-council,Torfaen County Borough Council,local-council
merthyr-tydfil-county-borough-council,Merthyr Tydfil County Borough Council,local-council
newcastle-under-lyme-borough-council,Newcastle Under Lyme Borough Council,local-council
uk-anti-doping,UK Anti-Doping,executive-ndpb
gwynedd-council,Cyngor Gwynedd Council,local-council
swale-borough-council,Swale Borough Council,local-council
states-of-guernsey,States of Guernsey,local-council
huntingdonshire-district-council,Huntingdonshire District Council,local-council
brecon-beacons-national-park-authority,Brecon Beacons National Park Authority,alb
northampton-borough-council,Northampton Borough Council,local-council
central-bedforshire-council,Central Bedforshire Council,local-council
colchester-borough-council,Colchester Borough Council,local-council
epping-forest-district-council,Epping Forest District Council,local-council
lancashire-county-council,Lancashire County Council,local-council
the-arts-council,The Arts Council,alb
bridgend-county-borough-council,Bridgend County Borough Council,local-council
redcar-and-cleveland-borough-council,Redcar and Cleveland Borough Council,local-council
nhs-north-somerset-ccg,NHS North Somerset CCG,nhs
nhs-bristol-ccg,NHS Bristol CCG,nhs
newport-city-council,Newport City Council,local-council
maldon-district-council,Maldon District Council,local-council
peterborough-city-council,Peterborough City Council,local-council
hub-launchpad,Hub Launchpad,private
wayra-unltd,Wayra UnLtd,private
bethnal-green-ventures,Bethnal Green Ventures,private
social-incubator-north,Social Incubator North,private
the-social-investment-business-group,The Social Investment Business Group,private
southend-on-sea-borough-council,Southend-on-Sea Borough Council,local-council
thurrock-council,Thurrock Council,local-council
berneslai-homes,Berneslai Homes,alb
cambridgeshire-county-council,Cambridgeshire County Council,local-council
calderdale-council,Calderdale Council,local-council
coventry-warwickshire-partnership-nhs-trust,Coventry & Warwickshire Partnership NHS Trust,alb
nhs-barnsley,NHS Barnsley,alb
business-services-authority-nhs,Business Services Authority (NHS),alb
nhs-darlington,NHS Darlington,alb
hampshire-primary-care-trust,Hampshire Primary Care Trust,alb
plymouth-nhs-primary-care-trust,Plymouth NHS Primary Care Trust,alb
portsmouth-nhs-trust,Portsmouth NHS Trust,alb
solihull-nhs-care-trust,Solihull NHS Care Trust,alb
standards-for-england,Standards for England,alb
churches-conservation-trusts,Churches Conservation Trusts,alb
the-churches-conservation-trust,The Churches Conservation Trust,alb
the-queen-elizabeth-ii-conference-centre,The Queen Elizabeth II Conference Centre,alb
torbay-care-trust,Torbay Care Trust,alb
london-borough-of-westminster,London Borough of Westminster,local-council
wirral-council,Wirral Council,local-council
advantage-west-midlands,Advantage West Midlands,executive-agency
arts-and-humanities-research-council,Arts and Humanities Research Council,executive-ndpb
learning-and-skills-council-skills-funding-agency,Learning and Skills Council,executive-agency
uk-supreme-court,UK Supreme Court,non-ministerial-department
nhs-plymouth,NHS Plymouth (PCT),nhs
nhs-hampshire,NHS Hampshire (PCT),nhs
cornwall-partnership-nhs-foundation-trust,Cornwall Partnership NHS Foundation Trust,nhs
isle-of-wight-nhs-primary-care-trust,Isle of Wight NHS Primary Care Trust,nhs
isle-of-wight-nhs-trust,Isle of Wight NHS Trust,nhs
rochford-district-council,Rochford District Council,local-council
british-antarctic-survey,British Antarctic Survey,alb
tunbridge-wells-borough-council,Tunbridge Wells Borough Council,local-council
ukgov,Uk Government,core-department
health-and-safety-laboratory,Health and Safety Laboratory,alb
tandridge-district-council,Tandridge District Council,local-council
arts-council-england,Arts Council England,executive-ndpb
essex-county-council,Essex County Council,local-council
braintree-district-council,Braintree District Council,local-council
cornwall-council,Cornwall Council,local-council
torbay-council,Torbay Council,local-council
welwyn-hatfield-borough-council,Welwyn Hatfield Borough Council,local-council
big-lottery-fund,BIG Lottery Fund,executive-ndpb
biotechnology-and-biological-sciences-research-council,Biotechnology and Biological Sciences Research Council,executive-ndpb
british-council,British Council,executive-ndpb
british-film-institute,British Film Institute,executive-ndpb
british-hallmarking-council,British Hallmarking Council,executive-ndpb
broads-authority,Broads Authority,other
buying-solutions,Buying Solutions,other
capital-for-enterprise-ltd,Capital For Enterprise Ltd,executive-ndpb
care-quality-commission,Care Quality Commission,executive-ndpb
central-arbitration-committee,Central Arbitration Committee,tribunal-ndpb
central-office-of-information,Central Office of Information,other
centre-for-environment-fisheries-aquaculture-science,"Centre for Environment, Fisheries & Aquaculture Science",executive-agency
certification-office,Certification Office,other
charity-commission-for-england-and-wales,Charity Commission for England and Wales,non-ministerial-department
children-and-family-court-advisory-and-support-service,Children and Family Court Advisory and Support Service,executive-ndpb
civil-nuclear-police-authority,Civil Nuclear Police Authority,executive-ndpb
commission-for-architecture-and-the-built-environment,Commission for Architecture and the Built Environment,advisory-ndpb
commonwealth-scholarship-commission-in-the-uk,Commonwealth Scholarship Commission in the UK,executive-ndpb
competition-appeals-tribunal,Competition Appeals Tribunal,tribunal-ndpb
competition-commission,Competition Commission,executive-ndpb
construction-industry-training-board,Construction Industry Training Board,executive-ndpb
criminal-cases-review-commission,Criminal Cases Review Commission,executive-ndpb
criminal-injuries-compensation-authority,Criminal Injuries Compensation Authority,executive-agency
criminal-records-bureau,Criminal Records Bureau,other
defence-infrastructure-organisation,Defence Infrastructure Organisation,sub-organisation
defence-science-and-technology-laboratory,Defence Science and Technology Laboratory,executive-agency
defence-support-group,Defence Support Group,executive-agency
department-for-employment-and-learning,Department for Employment and Learning,ministerial-department
department-for-regional-development,Department for Regional Development,ministerial-department
department-for-social-development,Department for Social Development,ministerial-department
department-of-agriculture-and-rural-development,Department of Agriculture and Rural Development,ministerial-department
department-of-culture-arts-and-leisure,"Department of Culture, Arts and Leisure",ministerial-department
department-of-education,Department of Education,other
department-for-environment-food-and-rural-affairs,"Department for Environment, Food and Rural Affairs",ministerial-department
department-for-transport,Department for Transport,ministerial-department
department-of-enterprise-trade-and-investment,Department of Enterprise Trade and Investment,ministerial-department
department-of-finance-and-personnel,Department of Finance and Personnel,ministerial-department
department-of-health-social-services-and-public-safety,"Department of Health, Social Services and Public Safety",ministerial-department
department-of-the-environment,Department of the Environment,ministerial-department
east-of-england-development-agency,East of England Development Agency,executive-agency
economic-and-social-research-council,Economic and Social Research Council,executive-ndpb
engineering-and-physical-sciences-research-council,Engineering and Physical Sciences Research Council,executive-ndpb
engineering-construction-industry-training-board,Engineering Construction Industry Training Board,executive-ndpb
equality-and-human-rights-commission,Equality and Human Rights Commission,executive-ndpb
firebuy,Firebuy,other
football-licensing-authority,Football Licensing Authority,other
general-social-care-council,General Social Care Council,other
government-procurement-service,Government Procurement Service,executive-agency
green-investment-bank,Green Investment Bank,other
hillsborough-independent-panel,Hillsborough Independent Panel,other
hm-courts-service,HM Courts Service,executive-agency
hm-inspectorate-of-constabulary,HM Inspectorate of Constabulary,other
hm-inspectorate-of-probation,HM Inspectorate of Probation,other
horniman-public-museum-public-park-trust,Horniman Public Museum & Public Park Trust,executive-ndpb
horserace-betting-levy-board,Horserace Betting Levy Board,executive-ndpb
identity-passport-service,Identity & Passport Service,other
imperial-war-museum,Imperial War Museum,executive-ndpb
independent-police-complaints-commission,Independent Police Complaints Commission,executive-ndpb
industrial-development-advisory-board,Industrial Development Advisory Board,advisory-ndpb
information-commissioners-office,Information Commissioner's Office,executive-ndpb
judicial-appointments-commission,Judicial Appointments Commission,executive-ndpb
legal-services-board,Legal Services Board,executive-ndpb
legal-services-commission,Legal Services Commission,executive-agency
local-better-regulation-office,Local Better Regulation Office,other
low-pay-commission,Low Pay Commission,advisory-ndpb
medical-research-council,Medical Research Council,executive-ndpb
monitor,Monitor,executive-ndpb
museums-libraries-and-archives-council,Museums Libraries and Archives Council,other
national-army-museum,National Army Museum,executive-ndpb
national-forest-company,National Forest Company,executive-ndpb
national-fraud-authority,National Fraud Authority,executive-agency
national-heritage-memorial-fund,National Heritage Memorial Fund,executive-ndpb
national-institute-for-health-and-care-excellence,National Institute for Health and Care Excellence,executive-ndpb
national-lottery-commission,National Lottery Commission,executive-ndpb
national-measurement-office,National Measurement Office,executive-agency
national-museums-liverpool,National Museums Liverpool,executive-ndpb
national-offender-management-service,National Offender Management Service,executive-agency
national-patient-safety-agency,National Patient Safety Agency,executive-agency
national-policing-improvement-agency,National Policing Improvement Agency,executive-agency
national-portrait-gallery,National Portrait Gallery,executive-ndpb
national-treatment-agency-for-substance-misuse,National Treatment Agency for Substance Misuse,executive-agency
natural-england,Natural England,executive-ndpb
natural-history-museum,Natural History Museum,executive-ndpb
new-forest-national-park,New Forest National Park Authority,other
nhs-blood-and-transplant,NHS Blood and Transplant,other
nhs-business-services-authority,NHS Business Services Authority,other
nhs-institute-for-innovation-and-improvement,NHS Institute for Innovation and Improvement,other
nhs-litigation-authority,NHS Litigation Authority,other
nhs-trust-development-authority,NHS Trust Development Authority,other
northern-ireland-executive,Northern Ireland Executive,devolved
northern-ireland-human-rights-commission,Northern Ireland Human Rights Commission,executive-ndpb
northern-ireland-statistics-and-research-agency,Northern Ireland Statistics and Research Agency,executive-agency
office-for-budget-responsibility,Office for Budget Responsibility,executive-ndpb
olympic-lottery-distributor,Olympic Lottery Distributor,executive-ndpb
parole-board,Parole Board,executive-ndpb
sea-fish-industry-authority,Sea Fish Industry Authority,executive-ndpb
serious-fraud-office,Serious Fraud Office,non-ministerial-department
office-for-fair-access,Office for Fair Access,executive-ndpb
office-of-fair-trading,Office of Fair Trading,non-ministerial-department
office-of-gas-and-electricity-markets,Office of Gas and Electricity Markets,non-ministerial-department
office-of-qualifications-and-examinations-regulation,Office of Qualifications and Examinations Regulation,non-ministerial-department
office-of-the-childrens-commissioner,Office of the Children's Commissioner,executive-ndpb
office-of-the-first-and-deputy-first-minister,Office of the First and Deputy First Minister,other
office-of-the-immigration-services-commissioner,Office of the Immigration Services Commissioner,executive-ndpb
olympic-delivery-authority,Olympic Delivery Authority,executive-ndpb
one-north-east,One North East,executive-agency
planning-inspectorate,Planning Inspectorate,executive-agency
police-service-of-northern-ireland,Police Service of Northern Ireland,other
postal-services-commission,Postal Services Commission,other
qualifications-and-curriculum-development-agency,Qualifications and Curriculum Development Agency,executive-agency
royal-air-force-museum,Royal Air Force Museum,executive-ndpb
science-and-technology-facilities-council,Science and Technology Facilities Council,executive-ndpb
security-industry-authority,Security Industry Authority,executive-ndpb
serious-organised-crime-agency,Serious Organised Crime Agency,executive-ndpb
scottish-government,Scottish Government,devolved
sport-england,Sport England,executive-ndpb
tate,Tate,executive-ndpb
technology-strategy-board,Innovate UK (Technology Strategy Board),executive-ndpb
the-british-library,The British Library,executive-ndpb
the-british-museum,The British Museum,executive-ndpb
the-geffrye-museum,The Geffrye Museum,executive-ndpb
the-insolvency-service,The Insolvency Service,executive-agency
the-national-archives,The National Archives,non-ministerial-department
the-national-gallery,The National Gallery,executive-ndpb
the-national-museum-of-the-royal-navy,The National Museum of the Royal Navy,executive-ndpb
the-royal-parks,The Royal Parks,executive-agency
the-wallace-collection,The Wallace Collection,executive-ndpb
training-and-development-agency-for-schools,Training and Development Agency for Schools,executive-agency
uk-border-agency,UK Border Agency,executive-agency
uk-commission-for-employment-and-skills,UK Commission for Employment and Skills,executive-ndpb
uk-film-council,UK Film Council,other
uk-sport,UK Sport,executive-ndpb
uk-trade-and-investment,UK Trade and Investment,non-ministerial-department
veterinary-medicines-directorate,Veterinary Medicines Directorate,executive-agency
victoria-albert-museum,Victoria & Albert Museum,executive-ndpb
wilton-park-executive-agency,Wilton Park Executive Agency,executive-agency
yorkshire-dales-national-park-authority,Yorkshire Dales National Park Authority,other
yorkshire-forward,Yorkshire Forward,executive-agency
young-peoples-learning-agency,Young People's Learning Agency,executive-agency
welsh-government,Welsh Government,devolved
cranfield-university,Cranfield University,other
directgov,DirectGov,sub-organisation
national-health-service,National Health Service,grouping
liverpool-community-health-nhs-trust,Liverpool Community Health NHS Trust,nhs
nhs-anglia-csu,NHS Anglia CSU,nhs
southern-health-nhs-foundation-trust,Southern Health NHS Foundation Trust,nhs
shropshire-community-health-nhs-trust,Shropshire Community Health NHS Trust,nhs
nhs-birmingham-cross-city-ccg,NHS Birmingham Cross City CCG,nhs
nhs-north-and-west-reading-ccg,NHS North and West Reading CCG,nhs
nhs-dorset-ccg,NHS Dorset CCG,nhs
nhs-south-gloucestershire-ccg,NHS South Gloucestershire CCG,nhs
st-george-s-healthcare-nhs-trust,St George's Healthcare NHS Trust,nhs
university-hospitals-of-leicester-nhs-trust,University Hospitals of Leicester NHS Trust,nhs
west-midlands-ambulance-service-nhs-trust,West Midlands Ambulance Service NHS Foundation Trust,nhs
nhs-southern-derbyshire-ccg,NHS Southern Derbyshire CCG,nhs
nhs-north-staffordshire,NHS North Staffordshire,nhs
nhs-wandsworth,NHS Wandsworth,nhs
nhs-stoke-on-trent,NHS Stoke on Trent,nhs
nhs-bedfordshire,NHS Bedfordshire,nhs
nhs-wirral-ccg,NHS Wirral CCG,nhs
nhs-heywood-middleton-and-rochdale-ccg,"NHS Heywood, Middleton and Rochdale CCG",nhs
nhs-fylde-and-wyre-ccg,NHS Fylde and Wyre CCG,nhs
nhs-calderdale-ccg,NHS Calderdale CCG,nhs
nhs-hambleton-richmondshire-and-whitby-ccg,"NHS Hambleton, Richmondshire and Whitby CCG",nhs
nhs-south-west-lincolnshire-ccg,NHS South West Lincolnshire CCG,nhs
nhs-west-leicestershire-ccg,NHS West Leicestershire CCG,nhs
nhs-west-london-k-c-and-qpp,NHS West London (K&C and Qpp) CCG,nhs
nhs-isle-of-wight-ccg,NHS Isle of Wight CCG,nhs
southampton-city-primary-care-tust,Southampton City Primary Care Tust,nhs
weston-area-health-nhs-trust,Weston Area Health NHS Trust,nhs
central-manchester-university-hospitals-nhs-foundation-trust,Central Manchester University Hospitals NHS Foundation Trust,nhs
birmingham-and-solihull-mental-health-nhs-foundation-trust,Birmingham and Solihull Mental Health NHS Foundation Trust,nhs
buckinghamshire-primary-care-trust,Buckinghamshire Primary Care Trust,nhs
portsmouth-hospital-nhs-trust,Portsmouth Hospital NHS Trust,nhs
derbyshire-healthcare-nhs-foundation-trust,Derbyshire Healthcare NHS Foundation Trust,nhs
salisbury-nhs-foundation-trust,Salisbury NHS Foundation Trust,nhs
southampton-university-hospitals-nhs-trust,Southampton University Hospitals NHS Trust,nhs
nhs-hull,NHS Hull (PCT),nhs
winchester-and-eastleigh-healthcare-nhs-trust,Winchester and Eastleigh Healthcare NHS Trust,nhs
croydon-health-services-nhs-trust,Croydon Health Services NHS Trust,nhs
north-east-ambulance-service-nhs-trust,North East Ambulance Service NHS Foundation Trust,nhs
frimley-park-hospital-nhs-foundation-trust,Frimley Park Hospital NHS Foundation Trust,nhs
maidstone-and-tunbridge-wells-nhs-trust,Maidstone and Tunbridge Wells NHS Trust,nhs
brent-primary-care-trust,Brent Primary Care Trust,nhs
coventry-and-warwickshire-partnership-nhs-trust,Coventry and Warwickshire Partnership NHS Trust,nhs
south-east-essex-primary-care-trust,South East Essex Primary Care Trust,nhs
north-east-strategic-health-authority,North East Strategic Health Authority,nhs
plymouth-hospitals-nhs-trust,Plymouth Hospitals NHS Trust,nhs
west-midlands-strategic-health-authority,West Midlands Strategic Health Authority,nhs
nhs-western-cheshire,NHS Western Cheshire (PCT),nhs
nhs-yorkshire-and-the-humber,NHS Yorkshire and the Humber (SHA),nhs
st-helens-and-knowsley-teaching-hospitals-nhs-trust,St Helens and Knowsley Teaching Hospitals NHS Trust,nhs
north-yorkshire-and-york-primary-care-trust,North Yorkshire and York Primary Care Trust,nhs
nhs-north-east-essex,NHS North East Essex,nhs
nhs-barking-and-dagenham,NHS Barking and Dagenham,nhs
nhs-hammersmith-and-fulham,NHS Hammersmith and Fulham,nhs
nhs-hillingdon,NHS Hillingdon,nhs
nhs-redbridge,NHS Redbridge,nhs
richmond-and-twickenham-primary-care-trust,Richmond and Twickenham Primary Care Trust,nhs
university-hospitals-of-north-staffordshire,University Hospitals of North Staffordshire,nhs
nhs-south-gloucestershire,NHS South Gloucestershire (PCT),nhs
nhs-somerset,NHS Somerset PCT,nhs
east-of-england-ambulance-service-nhs-trust,East of England Ambulance Service NHS Trust,nhs
west-hertfordshire-hospitals-nhs-trust,West Hertfordshire Hospitals NHS Trust,nhs
ashton-leigh-and-wigan-community-healthcare-nhs-trust,"Ashton, Leigh and Wigan Community Healthcare NHS Trust",nhs
nhs-bristol,NHS Bristol,nhs
hinchingbrooke-health-care-nhs-trust,Hinchingbrooke Health Care NHS Trust,nhs
south-birmingham-primary-care-trust,South Birmingham Primary Care Trust,nhs
birmingham-east-and-north-primary-care-trust,Birmingham East and North Primary Care Trust,nhs
heart-of-birmingham-teaching-primary-care-trust,Heart of Birmingham teaching Primary Care Trust,nhs
burton-hospitals-nhs-foundation-trust,Burton Hospitals NHS Foundation Trust,nhs
the-queen-elizabeth-hospital-kings-lynn-nhs-trust,"The Queen Elizabeth Hospital, King’s Lynn, NHS Foundation Trust",nhs
taunton-and-somerset-nhs-foundation-trust,Taunton and Somerset NHS Foundation Trust,nhs
musgrove-park-hospital,Musgrove Park Hospital,nhs
north-west-ambulance-service-nhs-trust,North West Ambulance Service NHS Trust,nhs
bexley-care-trust,Bexley Care Trust,nhs
2gether-nhs-foundation-trust,2gether NHS Foundation Trust,nhs
airedale-nhs-foundation-trust,Airedale NHS Foundation Trust,nhs
alder-hey-childrens-nhs-foundation-trust,Alder Hey Children's NHS Foundation Trust,nhs
ashford-and-st-peters-hospitals-nhs-trust,Ashford and St. Peter's Hospitals NHS Trust,nhs
avon-and-wiltshire-mental-health-partnership-nhs-trust,Avon and Wiltshire Mental Health Partnership NHS Trust,nhs
barnet-primary-care-trust,Barnet Primary Care Trust,nhs
barts-and-the-london-nhs-trust,Barts and The London NHS Trust,nhs
nhs-berkshire-east,NHS Berkshire East PCT,nhs
birmingham-childrens-nhs-foundation-trust,Birmingham Children's Hospital NHS Foundation Trust,nhs
blackburn-with-darwen-care-trust-plus,Blackburn with Darwen Care Trust Plus,nhs
blackpool-fylde-wyre-hospitals-nhs-foundation-trust,"Blackpool, Fylde & Wyre Hospitals NHS Foundation Trust",nhs
bradford-district-care-trust,Bradford District Care Trust,nhs
brighton-and-sussex-university-hospitals-nhs-trust,Brighton and Sussex University Hospitals NHS Trust,nhs
buckinghamshire-healthcare-nhs-trust,Buckinghamshire Healthcare NHS Trust,nhs
calderstones-partnership-nhs-foundation-trust,Calderstones Partnership NHS Foundation Trust,nhs
central-and-eastern-cheshire-primary-care-nhs-trust,Central and Eastern Cheshire Primary Care NHS Trust,nhs
colchester-hospital-university-nhs-foundation-trust,Colchester Hospital University NHS Foundation Trust,nhs
cornwall-and-isles-of-scilly-community-health-services,Cornwall and Isles of Scilly Community Health Services,nhs
coventry-primary-care-trust,Coventry Primary Care Trust,nhs
cumbria-primary-care-trust,Cumbria Primary Care Trust,nhs
darlington-primary-care-trust,Darlington Primary Care Trust,nhs
dartford-and-gravesham-nhs-trust,Dartford and Gravesham NHS Trust,nhs
derbyshire-community-health-services,Derbyshire Community Health Services,nhs
devon-partnership-nhs-trust,Devon Partnership NHS Trust,nhs
dudley-group-of-hospitals-nhs-foundation-trust,Dudley Group of Hospitals NHS Foundation Trust,nhs
united-lincolnshire-hospitals-nhs-trust,United Lincolnshire Hospitals NHS Trust,nhs
university-college-london-hospital-nhs-foundation-trust,University College London Hospital NHS Foundation Trust,nhs
university-hospitals-coventry-and-warwickshire-nhs-trust,University Hospitals Coventry and Warwickshire NHS Trust,nhs
university-hospitals-of-morecambe-bay-nhs-foundation-trust,University Hospitals of Morecambe Bay NHS Foundation Trust,nhs
wakefield-district-primary-care-trust,Wakefield District Primary Care Trust,nhs
walsall-healthcare-nhs-trust,Walsall Healthcare NHS Trust,nhs
dudley-primary-care-trust,Dudley Primary Care Trust,nhs
ealing-primary-care-trust,Ealing Primary Care Trust,nhs
east-cheshire-nhs-trust,East Cheshire NHS Trust,nhs
east-lancashire-hospitals-nhs-trust,East Lancashire Hospitals NHS Trust,nhs
east-midlands-ambulance-services-nhs-trust,East Midlands Ambulance Services NHS Trust,nhs
east-midlands-strategic-health-authority,East Midlands Strategic Health Authority,nhs
east-sussex-hospitals-nhs-trust,East Sussex Hospitals NHS Trust,nhs
enfield-primary-care-trust,Enfield Primary Care Trust,nhs
epsom-and-st-helier-university-hospitals-nhs-trust,Epsom and St Helier University Hospitals NHS Trust,nhs
gateshead-primary-care-trust,Gateshead Primary Care Trust,nhs
great-western-ambulance-service-nhs-trust,Great Western Ambulance Service NHS Trust,nhs
guys-and-st-thomas-nhs-foundation-trust,Guys and St Thomas NHS Foundation Trust,nhs
hereford-hospitals-nhs-trust,Hereford Hospitals NHS Trust,nhs
herefordshire-primary-care-trust,Herefordshire Primary Care Trust,nhs
hull-and-east-yorkshire-hospitals-nhs-trust,Hull and East Yorkshire Hospitals NHS Trust,nhs
imperial-college-healthcare-nhs-trust,Imperial College Healthcare NHS Trust,nhs
kingston-hospital-nhs-trust,Kingston Hospital NHS Foundation Trust,nhs
kingston-primary-care-trust,Kingston Primary Care Trust,nhs
kirklees-primary-care-trust,Kirklees Primary Care Trust,nhs
lambeth-primary-care-trust,Lambeth Primary Care Trust,nhs
lancashire-care-nhs-foundation-trust,Lancashire Care NHS Foundation Trust,nhs
leeds-teaching-hospitals-nhs-trust,Leeds Teaching Hospitals NHS Trust,nhs
leicestershire-partnership-nhs-trust,Leicestershire Partnership NHS Trust,nhs
lewisham-primary-care-trust,Lewisham Primary Care Trust,nhs
lincolnshire-primary-care-trust,Lincolnshire Primary Care Trust,nhs
liverpool-heart-and-chest-hospital-nhs-foundation-trust,Liverpool Heart and Chest Hospital NHS Foundation Trust,nhs
liverpool-primary-care-trust,Liverpool Primary Care Trust,nhs
london-ambulance-service-nhs-trust,London Ambulance Service NHS Trust,nhs
manchester-mental-health-and-social-care-trust,Manchester Mental Health and Social Care Trust,nhs
manchester-primary-care-trust,Manchester Primary Care Trust,nhs
medway-primary-care-trust,Medway Primary Care Trust,nhs
mersey-care-nhs-trust,Mersey Care NHS Trust,nhs
mid-staffordshire-nhs-foundation-trust,Mid Staffordshire NHS Foundation Trust,nhs
milton-keynes-hospital-nhs-foundation-trust,Milton Keynes Hospital NHS Foundation Trust,nhs
newham-primary-care-trust,Newham Primary Care Trust,nhs
nhs-ashton-leigh-and-wigan,"NHS Ashton, Leigh and Wigan (PCT)",nhs
nhs-bassetlaw,NHS Bassetlaw (PCT),nhs
nhs-blackpool,NHS Blackpool (PCT),nhs
nhs-bolton,NHS Bolton (PCT),nhs
nhs-bournemouth-poole,NHS Bournemouth & Poole (PCT),nhs
nhs-bradford-and-airedale,NHS Bradford and Airedale (PCT),nhs
nhs-bury,NHS Bury (PCT),nhs
nhs-central-lancashire,NHS Central Lancashire (PCT),nhs
nhs-choices,NHS Choices,nhs
nhs-cornwall-and-isles-of-scilly,NHS Cornwall and Isles of Scilly (PCT),nhs
nhs-coventry,NHS Coventry (PCT),nhs
nhs-devon,NHS Devon (PCT),nhs
nhs-east-lancashire,NHS East Lancashire (PCT),nhs
nhs-east-of-england-strategic-health-authority,NHS East of England Strategic Health Authority,nhs
nhs-east-riding-of-yorkshire,NHS East Riding of Yorkshire (PCT),nhs
nhs-eastern-and-coastal-kent,NHS Eastern and Coastal Kent (PCT),nhs
nhs-gloucestershire,NHS Gloucestershire (PCT),nhs
nhs-knowsley,NHS Knowsley (PCT),nhs
nhs-leeds,NHS Leeds (PCT),nhs
nhs-leicester-city,NHS Leicester City,nhs
nhs-london,NHS London (SHA),nhs
nhs-north-west,NHS North West (SHA),nhs
nhs-rotherham,NHS Rotherham (PCT),nhs
nhs-south-east-coast,NHS South East Coast (SHA),nhs
nhs-surrey,NHS Surrey (PCT),nhs
nhs-tameside-glossop,NHS Tameside & Glossop (PCT),nhs
nhs-trafford,NHS Trafford,nhs
nhs-west-sussex,NHS West Sussex (PCT),nhs
nhs-wiltshire,NHS Wiltshire,nhs
norfolk-and-suffolk-nhs-foundation-trust,Norfolk and Suffolk NHS Foundation Trust,nhs
north-bristol-nhs-trust,North Bristol NHS Trust,nhs
north-cumbria-university-hospitals-nhs-trust,North Cumbria University Hospitals NHS Trust,nhs
north-east-lincolnshire-care-trust-plus,North East Lincolnshire Care Trust Plus (PCT),nhs
north-lancashire-teaching-pct,North Lancashire Teaching PCT,nhs
north-staffordshire-combined-healthcare-nhs-trust,North Staffordshire Combined Healthcare NHS Trust,nhs
north-staffordshire-shared-services,North Staffordshire Shared Services,nhs
north-tyneside-primary-care-trust,North Tyneside Primary Care Trust,nhs
north-west-specialised-commissioning-team,North West Specialised Commissioning Team,nhs
northern-devon-healthcare-nhs-trust,Northern Devon Healthcare NHS Trust,nhs
nhs-nottingham-city,NHS Nottingham City (PCT),nhs
nottingham-university-hospitals-nhs-trust,Nottingham University Hospitals NHS Trust,nhs
nottinghamshire-county-teaching-primary-care-trust,Nottinghamshire County Teaching Primary Care Trust,nhs
nottinghamshire-healthcare-nhs-trust,Nottinghamshire Healthcare NHS Trust,nhs
oldham-primary-care-trust,Oldham Primary Care Trust,nhs
oxfordshire-learning-disability-nhs-trust,Oxfordshire Learning Disability NHS Trust,nhs
portsmouth-city-primary-care-trust,Portsmouth City Primary Care Trust,nhs
queen-victoria-hospital-nhs-foundation-trust,Queen Victoria Hospital NHS Foundation Trust,nhs
royal-cornwall-hospitals-nhs-trust,Royal Cornwall Hospitals NHS Trust,nhs
royal-free-hampstead-nhs-trust,Royal Free Hampstead NHS Foundation Trust,nhs
royal-liverpool-and-broadgreen-university-hospital-nhs-trust,Royal Liverpool and Broadgreen University Hospital NHS Trust,nhs
royal-united-hospital-bath-nhs-trust,Royal United Hospital Bath NHS Foundation Trust,nhs
salford-primary-care-trust,Salford Primary Care Trust,nhs
sandwell-west-birmingham-hospitals-nhs-trust,Sandwell & West Birmingham Hospitals NHS Trust,nhs
black-country-partnership-nhs-foundation-trust,Black Country Partnership NHS Foundation Trust,nhs
sandwell-primary-care-trust,Sandwell Primary Care Trust,nhs
scarborough-and-north-east-yorkshire-healthcare-nhs-trust,Scarborough and North East Yorkshire Healthcare NHS Trust,nhs
nhs-sefton,NHS Sefton PCT,nhs
sheffield-primary-care-trust,Sheffield Primary Care Trust,nhs
shropshire-county-primary-care-trust,Shropshire County Primary Care Trust,nhs
south-central-ambulance-service-nhs-trust,South Central Ambulance Service NHS Foundation Trust,nhs
south-central-strategic-health-authority,South Central Strategic Health Authority,nhs
south-east-coast-ambulance-service,South East Coast Ambulance Service NHS Foundation Trust,nhs
south-staffordshire-and-shropshire-healthcare-nhs-foundation-trust,South Staffordshire and Shropshire Healthcare NHS Foundation Trust,nhs
south-tyneside-primary-care-trust,South Tyneside Primary Care Trust,nhs
south-warwickshire-nhs-foundation-trust,South Warwickshire NHS Foundation Trust,nhs
south-west-london-and-st-georges-mental-health-nhs-trust,South West London and St George's Mental Health NHS Trust,nhs
southport-and-ormskirk-hospital-nhs-trust,Southport and Ormskirk Hospital NHS Trust,nhs
southwark-primary-care-trust,Southwark Primary Care Trust,nhs
stockport-primary-care-trust,Stockport Primary Care Trust,nhs
sunderland-teaching-primary-care-trust,Sunderland Teaching Primary Care Trust,nhs
surrey-and-sussex-healthcare-nhs-trust,Surrey and Sussex Healthcare NHS Trust,nhs
swindon-primary-care-trust,Swindon Primary Care Trust,nhs
tameside-hospital-nhs-foundation-trust,Tameside Hospital NHS Foundation Trust,nhs
the-christie-nhs-foundation-trust,The Christie NHS Foundation Trust,nhs
the-mid-yorkshire-hospitals-nhs-trust,The Mid Yorkshire Hospitals NHS Trust,nhs
the-pennine-acute-hospitals-nhs-trust,The Pennine Acute Hospitals NHS Trust,nhs
the-royal-marsden-nhs-foundation-trust,The Royal Marsden NHS Foundation Trust,nhs
the-royal-orthopaedic-hospital-nhs-foundation-trust,The Royal Orthopaedic Hospital NHS Foundation Trust,nhs
the-royal-wolverhampton-hospitals-nhs-trust,The Royal Wolverhampton NHS Trust,nhs
the-shrewsbury-and-telford-hospital-nhs-trust,The Shrewsbury and Telford Hospital NHS Trust,nhs
oxford-radcliffe-hospitals-nhs-trust,Oxford Radcliffe Hospitals NHS Trust,nhs
heart-of-england-nhs-foundation-trust,Heart of England NHS Foundation Trust,nhs
mid-essex-hospital-services-nhs-trust,Mid Essex Hospital Services NHS Trust,nhs
ridgeway-partnership,Ridgeway Partnership,nhs
nhs-heywood-middleton-and-rochdale-primary-care-trust,"NHS Heywood, Middleton and Rochdale Primary Care Trust",nhs
birmingham-primary-care-shared-services-agency,Birmingham Primary Care Shared Services Agency,nhs
george-eliot-hospital-nhs-trust,George Eliot Hospital NHS Trust,nhs
barking-havering-and-redbridge-university-hospitals-nhs-trust,"Barking, Havering and Redbridge University Hospitals NHS Trust",nhs
leeds-community-healthcare-nhs-trust,Leeds Community Healthcare NHS Trust,nhs
solent-nhs-trust,Solent NHS Trust,nhs
the-hillingdon-hospitals-nhs-foundation-trust,The Hillingdon Hospitals NHS Foundation Trust,nhs
north-west-london-hospitals-nhs-trust,North West London Hospitals NHS Trust,nhs
wirral-community-nhs-trust,Wirral Community NHS Trust,nhs
basildon-and-thurrock-university-hospitals-nhs-foundation-trust,Basildon and Thurrock University Hospitals NHS Foundation Trust,nhs
nhs-hertfordshire,NHS Hertfordshire,nhs
worcestershire-health-and-care-nhs-trust,Worcestershire Health and Care NHS Trust,nhs
bridgewater-community-healthcare-nhs-trust,Bridgewater Community Healthcare Foundation NHS Trust,nhs
lincolnshire-community-health-services-nhs-trust,Lincolnshire Community Health Services NHS Trust,nhs
warrington-primary-care-trust,Warrington Primary Care Trust,nhs
nhs-warwickshire,NHS Warwickshire (PCT),nhs
west-london-mental-health-nhs-trust,West London Mental Health NHS Trust,nhs
western-sussex-hospitals-nhs-trust,Western Sussex Hospitals NHS Trust,nhs
whittington-hospital-nhs-trust,Whittington Hospital NHS Trust,nhs
wolverhampton-city-primary-care-trust,Wolverhampton City Primary Care Trust,nhs
worcestershire-acute-hospitals-nhs-trust,Worcestershire Acute Hospitals NHS Trust,nhs
worcestershire-mental-health-partnership-nhs-trust,Worcestershire Mental Health Partnership NHS Trust,nhs
worcestershire-primary-care-trust,Worcestershire Primary Care Trust,nhs
wrightington-wigan-leigh-nhs-foundation-trust,"Wrightington, Wigan & Leigh NHS Foundation Trust",nhs
middlesbrough-primary-care-trust,Middlesbrough Primary Care Trust,nhs
redcar-cleveland-primary-care-trust,Redcar & Cleveland Primary Care Trust,nhs
hartlepool-primary-care-trust,Hartlepool Primary Care Trust,nhs
stockton-primary-care-trust,Stockton Primary Care Trust,nhs
north-middlesex-university-hospital-nhs-trust,North Middlesex University Hospital NHS Trust,nhs
south-west-yorkshire-partnership-nhs-foundation-trust,South West Yorkshire Partnership NHS Foundation Trust,nhs
nhs-wirral,NHS Wirral,nhs
homerton-university-hospital-nhs-foundation-trust,Homerton University Hospital NHS Foundation Trust,nhs
the-princess-alexandra-hospital-nhs-trust,The Princess Alexandra Hospital NHS Trust,nhs
royal-brompton-harefield-nhs-trust,Royal Brompton & Harefield NHS Trust,nhs
oxfordshire-primary-care-trust,Oxfordshire Primary Care Trust,nhs
newham-university-hospital-nhs-trust,Newham University Hospital NHS Trust,nhs
nhs-kensington-and-chelsea,NHS Kensington and Chelsea (PCT),nhs
walsall-teaching-primary-care-trust,Walsall Teaching Primary Care Trust,nhs
newcastle-primary-care-trust,Newcastle Primary Care Trust,nhs
northumberland-care-trust,Northumberland Care Trust (PCT),nhs
trafford-healthcare-nhs-trust,Trafford Healthcare NHS Trust,nhs
nhs-south-west,NHS South West (SHA),nhs
sussex-community-nhs-trust,Sussex Community NHS Trust,nhs
pennine-care-nhs-foundation-trust,Pennine Care NHS Foundation Trust,nhs
solihull-primary-care-trust,Solihull Primary Care Trust,nhs
nhs-kent-and-medway,NHS Kent and Medway,nhs
doncaster-pct,Doncaster PCT,nhs
bromley-pct,Bromley PCT,nhs
yorkshire-ambulance-service-nhs-trust,Yorkshire Ambulance Service NHS Trust,nhs
the-ipswich-hospital-nhs-trust,The Ipswich Hospital NHS Trust,nhs
mid-essex-pct,Mid Essex PCT,nhs
barnsley-primary-care-trust,Barnsley Primary Care Trust,nhs
city-and-hackney-primary-care-trust,City and Hackney Primary Care Trust,nhs
tower-hamlets-pct,Tower Hamlets PCT,nhs
norfolk-community-health-and-care-nhs-trust,Norfolk Community Health and Care NHS Trust,nhs
south-west-essex-pct,South West Essex PCT,nhs
nhs-dorset,NHS Dorset (PCT),nhs
kettering-general-hospital-nhs-foundation-trust,Kettering General Hospital NHS Foundation Trust,nhs
nhs-reference-costs,NHS Reference Costs,nhs
staffordshire-and-stoke-on-trent-partnership-nhs-trust,Staffordshire and Stoke on Trent Partnership NHS Trust ,nhs
nhs-darlington-ccg,NHS Darlington CCG,nhs
nhs-hartlepool-and-stockton-on-tees-ccg,NHS Hartlepool and Stockton-on-Tees CCG,nhs
nhs-blackburn-and-darwen-ccg,NHS Blackburn and Darwen CCG,nhs
nhs-oldham-ccg,NHS Oldham CCG,nhs
nhs-knowsley-ccg,NHS Knowsley CCG,nhs
nhs-stockport-ccg,NHS Stockport CCG,nhs
nhs-hull-ccg,NHS Hull CCG,nhs
nhs-scarborough-and-ryedale-ccg,NHS Scarborough and Ryedale CCG,nhs
nhs-cambridgeshire-and-peterborough-ccg,NHS Cambridgeshire and Peterborough CCG,nhs
nhs-south-norfolk-ccg,NHS South Norfolk CCG,nhs
nhs-bromley-ccg,NHS Bromley CCG,nhs
nhs-crawley-ccg,NHS Crawley CCG,nhs
european-commission,European Commission,other
eurostat,Eurostat,other
local-authorities,Local Authorities,grouping
wolverton-and-greenleys-town-council,Wolverton and Greenleys Town Council,local-council
nottingham-city-council,Nottingham City Council,local-council
wiltshire-council,Wiltshire Council,local-council
solihull-metropolitan-borough-council,Solihull Metropolitan Borough Council,local-council
birmingham-city-council,Birmingham City Council,local-council
london-borough-of-camden,London Borough of Camden,local-council
city-of-london,City of London,local-council
fareham-borough-council,Fareham Borough Council,local-council
london-borough-of-merton,London Borough of Merton,local-council
mid-sussex-district-council,Mid Sussex District Council,local-council
newark-and-sherwood-district-council,Newark and Sherwood District Council,local-council
north-hertfordshire-district-council,North Hertfordshire District Council,local-council
south-staffordshire-council,South Staffordshire Council,local-council
surrey-county-council,Surrey County Council,local-council
wigan-metropolitan-borough-council,Wigan Metropolitan Borough Council,local-council
stockton-on-tees-borough-council,Stockton-on-Tees Borough Council,local-council
south-northamptonshire-council,South Northamptonshire Council,local-council
preston-city-council,Preston City Council,local-council
nottinghamshire-county-council,Nottinghamshire County Council,local-council
south-holland-district-council,South Holland District Council,local-council
east-lindsey-district-council,East Lindsey District Council,local-council
calderdale-metropolitan-borough-council,Calderdale Metropolitan Borough Council,local-council
kirklees-council,Kirklees Council,local-council
ashfield-district-council,Ashfield District Council,local-council
babergh-district-council,Babergh District Council,local-council
basingstoke-and-deane-borough-council,Basingstoke and Deane Borough Council,local-council
brighton-and-hove-city-council,Brighton and Hove City Council,local-council
cherwell-district-council,Cherwell District Council,local-council
cheshire-west-and-chester-council,Cheshire West and Chester Council,local-council
chorley-council,Chorley Council,local-council
darlington-borough-council,Darlington Borough Council,local-council
forest-heath-district-council,Forest Heath District Council,local-council
hartlepool-borough-council,Hartlepool Borough Council,local-council
hertfordshire-county-council,Hertfordshire County Council,local-council
kent-county-council,Kent County Council,local-council
sevenoaks-district-council,Sevenoaks District Council,local-council
south-ribble-borough-council,South Ribble Borough Council,local-council
southampton-city-council,Southampton City Council,local-council
tendring-district-council,Tendring District Council,local-council
torridge-district-council,Torridge District Council,local-council
wakefield-metropolitan-district-council,Wakefield Metropolitan District Council,local-council
london-borough-of-islington,London Borough of Islington,local-council
royal-borough-of-kingston-upon-thames,Royal Borough of Kingston upon Thames,local-council
chichester-district-council,Chichester District Council,local-council
sunderland-city-council,Sunderland City Council,local-council
london-borough-of-brent,London Borough of Brent,local-council
bournemouth-borough-council,Bournemouth Borough Council,local-council
warwickshire-county-council,Warwickshire County Council,local-council
hampshire-county-council,Hampshire County Council,local-council
east-staffordshire-borough-council,East Staffordshire Borough Council,local-council
walsall-council,Walsall Council,local-council
london-borough-of-bromley,London Borough of Bromley,local-council
london-borough-of-barnet,London Borough of Barnet,local-council
bedford-borough-council,Bedford Borough Council,local-council
blaby-district-council,Blaby District Council,local-council
corby-borough-council,Corby Borough Council,local-council
south-gloucestershire-council,South Gloucestershire Council,local-council
royal-borough-of-kensington-and-chelsea,Royal Borough of Kensington and Chelsea,local-council
lewes-district-council,Lewes District Council,local-council
uttlesford-district-council,Uttlesford District Council,local-council
bristol-city-council,Bristol City Council,local-council
harlow-council,Harlow Council,local-council
luton-borough-council,Luton Borough Council,local-council
st-albans-city-and-district-council,St Albans City and District Council,local-council
london-borough-of-hillingdon,London Borough of Hillingdon,local-council
london-borough-of-waltham-forest,London Borough of Waltham Forest,local-council
north-somerset-council,North Somerset Council,local-council
greater-london-authority,Greater London Authority,local-council
transport-for-london,Transport for London,local-council
west-dorset-district-council,West Dorset District Council,local-council
purbeck-district-council,Purbeck District Council,local-council
london-borough-of-sutton,London Borough of Sutton,local-council
london-borough-of-redbridge,London Borough of Redbridge,local-council
bassetlaw-district-council,Bassetlaw District Council,local-council
east-sussex-county-council,East Sussex County Council,local-council
herefordshire-council,Herefordshire Council,local-council
west-devon-borough-council,West Devon Borough Council,local-council
hull-city-council,Hull City Council,local-council
east-dorset-district-council,East Dorset District Council,local-council
dacorum-borough-council,Dacorum Borough Council,local-council
stevenage-borough-council,Stevenage Borough Council,local-council
wealden-district-council,Wealden District Council,local-council
boston-borough-council,Boston Borough Council,local-council
london-borough-of-hackney,London Borough of Hackney,local-council
wyre-forest-district-council,Wyre Forest District Council,local-council
christchurch-borough-council,Christchurch Borough Council,local-council
royal-borough-of-windsor-and-maidenhead,Royal Borough of Windsor and Maidenhead,local-council
bracknell-forest-council,Bracknell Forest Council,local-council
woking-borough-council,Woking Borough Council,local-council
sandwell-metropolitan-borough-council,Sandwell Metropolitan Borough Council,local-council
north-warwickshire-borough-council,North Warwickshire Borough Council,local-council
rotherham-metropolitan-district-council,Rotherham Metropolitan District Council,local-council
buckinghamshire-county-council,Buckinghamshire County Council,local-council
eden-district-council,Eden District Council,local-council
wyre-borough-council,Wyre Borough Council,local-council
eastleigh-borough-council,Eastleigh Borough Council,local-council
leeds-city-council,Leeds City Council,local-council
chesterfield-borough-council,Chesterfield Borough Council,local-council
west-yorkshire-fire-and-rescue-service,West Yorkshire Fire and Rescue Service,local-council
blackburn-with-darwen-council,Blackburn with Darwen Council,local-council
gedling-borough-council,Gedling Borough Council,local-council
north-yorkshire-county-council,North Yorkshire County Council,local-council
gloucester-city-council,Gloucester City Council,local-council
st-helens-council,St Helens Council,local-council
london-borough-of-harrow,London Borough of Harrow,local-council
royal-borough-of-greenwich,Royal Borough of Greenwich,local-council
london-borough-of-lambeth,London Borough of Lambeth,local-council
west-sussex-county-council,West Sussex County Council,local-council
pitstone-parish-council,Pitstone Parish Council,local-council
barnsley-metropolitan-borough-council,Barnsley Metropolitan Borough Council,local-council
worcestershire-county-council,Worcestershire County Council,local-council
newquay-town-council,Newquay Town Council,local-council
cheltenham-borough-council,Cheltenham Borough Council,local-council
hart-district-council,Hart District Council,local-council
sefton-metropolitan-borough-council,Sefton Metropolitan Borough Council,local-council
keynsham-town-council,Keynsham Town Council,local-council
harrogate-borough-council,Harrogate Borough Council,local-council
st-austell-town-council,St Austell Town Council,local-council
northumberland-county-council,Northumberland County Council,local-council
shaftesbury-town-council,Shaftesbury Town Council,local-council
monmouthshire-county-council,Monmouthshire County Council,local-council
bodmin-town-council,Bodmin Town Council,local-council
st-edmundsbury-borough-council,St Edmundsbury Borough Council,local-council
london-borough-of-bexley,London Borough of Bexley,local-council
skills-for-care,Skills for Care,
private-sector,Private Sector,grouping
spikes-cavell-analytic-ltd,Spikes Cavell Analytic Ltd,private
arun-district-council,Arun District Council,local-council
bolton-metropolitan-borough-council,Bolton Metropolitan Borough Council,local-council
horsham-district-council,Horsham District Council,local-council
london-borough-of-hounslow,London Borough of Hounslow,local-council
south-kesteven-district-council,South Kesteven District Council,local-council
exeter-city-council,Exeter City Council,local-council
cotswold-district-council,Cotswold District Council,local-council
pembrokeshire-county-council,Pembrokeshire County Council,local-council
manchester-city-council,Manchester City Council,local-council
milton-keynes-council,Milton Keynes Council,local-council
greater-manchester-fire-and-rescue-service,Greater Manchester Fire and Rescue Service,local-council
ipswich-borough-council,Ipswich Borough Council,local-council
adur-district-council,Adur District Council,local-council
worthing-borough-council,Worthing Borough Council,local-council
nhs-central-southern-commissioning-support-unit,NHS Central Southern Commissioning Support unit,nhs
north-yorkshire-and-humber-commissioning-support-unit,North Yorkshire and Humber Commissioning Support Unit,nhs
east-northamptonshire-council,East Northamptonshire Council,""
london-borough-of-ealing,London Borough of Ealing,local-council
nhs-somerset-ccg,NHS Somerset CCG,nhs
traffic-commissioners,Traffic Commissioners,executive-ndpb
elmbridge-borough-council,Elmbridge Borough Council,local-council
portsmouth-city-council,Portsmouth City Council,local-council
daventry-district-council,Daventry District Council,local-council
suffolk-county-council,Suffolk County Council,local-council
northamptonshire-county-council,Northamptonshire County Council,local-council
nhs-arden-csu,NHS Arden CSU,nhs
nhs-central-eastern-csu,NHS Central Eastern CSU,nhs
nhs-kent-and-medway-csu,NHS Kent and Medway CSU,nhs
nhs-central-southern-csu,NHS Central Southern CSU,nhs
nhs-central-midlands-csu,NHS Central Midlands CSU,nhs
nhs-cheshire-and-merseyside-csu,NHS Cheshire and Merseyside CSU,nhs
nhs-north-and-east-london-csu,NHS North and East London CSU,nhs
nhs-north-of-england-csu,NHS North of England CSU,nhs
nhs-north-west-london-csu,NHS North West London CSU,nhs
nhs-south-csu,NHS South CSU,nhs
nhs-west-and-south-yorkshire-and-bassetlaw-csu,NHS West and South Yorkshire and Bassetlaw CSU,nhs
hinckley-and-bosworth-borough-council,Hinckley and Bosworth Borough Council,local-council
medway-council,Medway Council,local-council
stratford-on-avon-district-council,Stratford-on-Avon District Council,local-council
nhs-south-london-csu,NHS South London CSU,nhs
nhs-south-west-csu,NHS South West CSU,nhs
nhs-staffordshire-and-lancashire-csu,NHS Staffordshire and Lancashire CSU,nhs
north-east-derbyshire-district-council,North East Derbyshire District Council,local-council
bolsover-district-council,Bolsover District Council,local-council
london-borough-of-enfield,London Borough of Enfield,local-council
ashford-borough-council,Ashford Borough Council,local-council
newcastle-upon-tyne-hospitals-nhs-foundation-trust,Newcastle upon Tyne Hospitals NHS Foundation Trust,nhs
the-woodland-trust,The Woodland Trust,charity-ngo
uk-shared-business-services,UK Shared Business Services,""
reigate-and-banstead-borough-council,Reigate and Banstead Borough Council,local-council
test1,Test1,""
uk-export-finance,UK Export Finance,ministerial-department
wolverhampton-city-council,Wolverhampton City Council,local-council
satellite-applications-catapult,Satellite Applications Catapult,private
pendle-borough-council,Pendle Borough Council,local-council
london-borough-of-barking-and-dagenham,London Borough of Barking and Dagenham,local-council
blackpool-borough-council,Blackpool Borough Council,local-council
burnley-borough-council,Burnley Borough Council,local-council
lincolnshire-county-council,Lincolnshire County Council,local-council
oadby-and-wigston-district-council,Oadby and Wigston District Council,local-council
cambridge-city-council,Cambridge City Council,local-council
carlisle-city-council,Carlisle City Council,local-council
castle-point-borough-council,Castle Point Borough Council,local-council
bedford-council,Bedford Council,local-council
coventry-city-council,Coventry City Council,local-council
crawley-borough-council,Crawley Borough Council,local-council
london-borough-of-croydon,London Borough of Croydon,local-council
dartford-borough-council,Dartford Borough Council,local-council
derbyshire-county-council,Derbyshire County Council,local-council
doncaster-metropolitan-borough-council,Doncaster Metropolitan Borough Council,local-council
east-hampshire-district-council,East Hampshire District Council,local-council
east-hertfordshire-district-council,East Hertfordshire District Council,local-council
eastbourne-borough-council,Eastbourne Borough Council,local-council
forest-of-dean-district-council,Forest of Dean District Council,local-council
fylde-borough-council,Fylde Borough Council,local-council
great-yarmouth-borough-council,Great Yarmouth Borough Council,local-council
erewash-borough-council,Erewash Borough Council,local-council
fenland-district-council,Fenland District Council,local-council
gravesham-borough-council,Gravesham Borough Council,local-council
harborough-district-council,Harborough District Council,local-council
london-borough-of-haringey,London Borough of Haringey,local-council
havant-borough-council,Havant Borough Council,local-council
reading-borough-council,Reading Borough Council,local-council
ribble-valley-borough-council,Ribble Valley Borough Council,local-council
london-borough-of-havering,London Borough of Havering,local-council
high-peak-borough-council,High Peak Borough Council,local-council
hyndburn-borough-council,Hyndburn Borough Council,local-council
isle-of-wight-council,Isle of Wight Council,local-council
isles-of-scilly,Isles of Scilly,local-council
kingston-upon-hull-city-council,Kingston-upon-Hull City Council,local-council
city-of-lincoln-council,City of Lincoln Council,local-council
north-dorset-district-council,North Dorset District Council,local-council
north-west-leicestershire-district-council,North West Leicestershire District Council,local-council
plymouth-city-council,Plymouth City Council,local-council
rossendale-borough-council,Rossendale Borough Council,local-council
slough-borough-council,Slough Borough Council,local-council
lancaster-city-council,Lancaster City Council,local-council
leicestershire-county-council,Leicestershire County Council,local-council
london-borough-of-lewisham,London Borough of Lewisham,local-council
liverpool-city-council,Liverpool City Council,local-council
maidstone-borough-council,Maidstone Borough Council,local-council
mid-devon-district-council,Mid Devon District Council,local-council
mid-suffolk-district-council,Mid Suffolk District Council,local-council
north-kesteven-district-council,North Kesteven District Council,local-council
oxford-city-council,Oxford City Council,local-council
rushcliffe-borough-council,Rushcliffe Borough Council,local-council
tameside-metropolitan-borough-council,Tameside Metropolitan Borough Council,local-council
test-valley-borough-council,Test Valley Borough Council,local-council
new-forest-district-council,New Forest District Council,local-council
north-east-lincolnshire-council,North East Lincolnshire Council,local-council
rochdale-metropolitan-borough-council,Rochdale Metropolitan Borough Council,local-council
rother-district-council,Rother District Council,local-council
sedgemoor-district-council,Sedgemoor District Council,local-council
shepway-district-council,Shepway District Council,local-council
waveney-district-council,Waveney District Council,local-council
west-oxfordshire-district-council,West Oxfordshire District Council,local-council
somerset-county-council,Somerset County Council,local-council
south-hams-district-council,South Hams District Council,local-council
south-oxfordshire-district-council,South Oxfordshire District Council,local-council
south-somerset-district-council,South Somerset District Council,local-council
south-tyneside-council,South Tyneside Council,local-council
staffordshire-moorlands-district-council,Staffordshire Moorlands District Council,local-council
stockport-metropolitan-borough-council,Stockport Metropolitan Borough Council,local-council
stoke-on-trent-city-council,Stoke-on-Trent City Council,local-council
suffolk-coastal-district-council,Suffolk Coastal District Council,local-council
swindon-borough-council,Swindon Borough Council,local-council
telford-wrekin-council,Telford & Wrekin Council,local-council
three-rivers-district-council,Three Rivers District Council,local-council
tewkesbury-borough-council,Tewkesbury Borough Council,local-council
vale-of-white-horse-district-council,Vale of White Horse District Council,local-council
london-borough-of-wandsworth,London Borough of Wandsworth,local-council
wellingborough-borough-council,Wellingborough Borough Council,local-council
west-lancashire-borough-council,West Lancashire Borough Council,local-council
weymouth-and-portland-borough-council,Weymouth and Portland Borough Council,local-council
winchester-city-council,Winchester City Council,local-council
wokingham-borough-council,Wokingham Borough Council,local-council
bury-metropolitan-borough-council,Bury Metropolitan Borough Council,local-council
middlesbrough-borough-council,Middlesbrough Borough Council,local-council
aberdeenshire-council,Aberdeenshire Council,local-council
isle-of-anglesey-county-council,Isle of Anglesey County Council,local-council
angus-council,Angus Council,local-council
rochdale-borough-council,Rochdale Borough Council,local-council
metropolitan-police-service,Metropolitan Police Service,other
traveline-information-limited,Traveline Information Limited,""
london-fire-and-emergency-planning-authority,London Fire and Emergency Planning Authority ,""
nhs-gloucestershire-ccg,NHS Gloucestershire CCG,nhs
harrow-council,Harrow Council,local-council
neath-port-talbot-county-borough-council,Neath Port Talbot County Borough Council,local-council
city-of-cardiff-council,City of Cardiff Council,local-council
stirling-council,Stirling Council,local-council
animal-and-plant-health-agency,Animal and Plant Health Agency,executive-agency
city-of-edinburgh-council,City of Edinburgh Council,local-council
engagedx,EngagedX,charity-ngo
british-parking-association,British Parking Association,private
oag,OAG,private
atoc,Association of Train Operating Companies,private
network-rail,Network Rail,private
cycle-streets,CycleStreets,private
south-yorkshire-passenger-transport-executive,South Yorkshire Passenger Transport Executive,executive-agency
essex-wildlife-trust,Essex Wildlife Trust,charity-ngo
hertfordshire-environmental-records-centre,Hertfordshire Environmental Records Centre,charity-ngo
norfolk-biodiversity-information-service,Norfolk Biodiversity Information Service,charity-ngo
wildlife-trust-for-bedfordshire-cambridgeshire-northamptonshire,"Wildlife Trust for Bedfordshire, Cambridgeshire & Northamptonshire",charity-ngo
north-west-fungus-group,North West Fungus Group,charity-ngo
northamptonshire-biodiversity-records-centre,Northamptonshire Biodiversity Records Centre,charity-ngo
bedfordshire-and-luton-biodiversity-recording-and-monitoring-centre,Bedfordshire and Luton Biodiversity Recording and Monitoring Centre,charity-ngo
marine-biological-association,Marine Biological Association,charity-ngo
greater-manchester-ecology-unit,Greater Manchester Ecology Unit,""
powys-county-council,Powys County Council,local-council
caerphilly-county-borough-council,Caerphilly County Borough Council,local-council
milton-keynes-primary-care-trust,Milton Keynes Primary Care Trust,""
east-sussex-healthcare-nhs-trust,East Sussex Healthcare NHS Trust,nhs
frimley-health-nhs-foundation-trust,Frimley Health NHS Foundation Trust,nhs
university-hospital-southampton-nhs-foundation-trust,University Hospital Southampton NHS Foundation Trust,nhs
natural-resources-wales,Natural Resources Wales,""
centre-for-ecology-hydrology,Centre for Ecology & Hydrology,""
west-suffolk-councils,West Suffolk Councils,local-council
nhs-midlands-and-lancashire-csu,NHS Midlands and Lancashire CSU,nhs
sibgroup,SIBGroup,charity-ngo
seedbed,SEEDbed,charity-ngo
health-social-ventures,Health Social Ventures,charity-ngo
big-issue-cooperate,Big Issue Cooperate,charity-ngo
social-incubator-east,Social Incubator East,charity-ngo
young-academy,Young Academy,charity-ngo
dotforge-social-ventures,Dotforge Social Ventures,charity-ngo
big-issue-invest,Big Issue Invest,charity-ngo
east-and-north-herts-ccg,East and North Herts CCG,nhs
university-hospital-of-north-midlands-nhs-trust,University Hospital of North Midlands NHS Trust,nhs
royal-free-london-nhs-foundation-trust,Royal Free London NHS Foundation Trust,nhs
regional-development-agencies,Regional Development Agencies,""
mind,Mind,charity-ngo
charities-social-ventures,Charities & Social Ventures,grouping
consumer-futures,Consumer Futures,""
learning-and-skills-improvement-service,Learning and Skills Improvement Service,""
west-midlands-regional-observatory,West Midlands Regional Observatory,""
sports-grounds-safety-authority,Sports Grounds Safety Authority,executive-ndpb
registry-trust-limited,Registry Trust Limited,private
uk-trade-and-investment-defence-and-security-organisation,UK Trade & Investment Defence & Security Organisation,sub-organisation
ukti-life-sciences-organisation,UKTI Life Sciences Organisation,sub-organisation
regeneration-investment-organisation,Regeneration Investment Organisation,sub-organisation
financial-services-organisation,Financial Services Organisation,sub-organisation
ukti-education,UKTI Education,sub-organisation
healthcare-uk,Healthcare UK,sub-organisation
open-data-ni,OpenDataNI,sub-organisation
parades-commission-for-northern-ireland,Parades Commission for Northern Ireland,executive-ndpb
asset-protection-agency,Asset Protection Agency,""
scottish-law-commission,Scottish Law Commission,other
uk-debt-management-office,UK Debt Management Office,executive-agency
boundary-commission-for-scotland,Boundary Commission for Scotland,advisory-ndpb
national-college-for-school-leadership,National College for School Leadership,""
sir-john-soanes-museum,Sir John Soane's Museum,other
science-museum-group,Science Museum Group,other
boundary-commission-for-england,Boundary Commission for England,advisory-ndpb
uk-statistics-authority,UK Statistics Authority,non-ministerial-department
legal-aid-agency,Legal Aid Agency,executive-agency
royal-museums-greenwich,Royal Museums Greenwich,""
south-central-and-west-csu,"NHS South, Central and West CSU",nhs
historic-england,Historic England,executive-ndpb
derbyshire-community-health-services-nhs-foundation-trust,Derbyshire Community Health Services NHS Foundation Trust,nhs
head-office-and-corporate-services-mod,Head Office and Corporate Services (MoD),sub-organisation
army-command,Army Command,sub-organisation
defence-equipment-and-support,Defence Equipment and Support,sub-organisation
air-command,Air Command,sub-organisation
navy-command,Navy Command,sub-organisation
joint-forces-command,Joint Forces Command,sub-organisation
independent-offices,Independent Offices,executive-ndpb
nhs-arden-and-greater-east-midlands-csu,NHS Arden and Greater East Midlands CSU,nhs
permanent-joint-headquarters,Permanent Joint Headquarters,sub-organisation
central-top-level-budget,MoD Central Top Level Budget,sub-organisation
nhs-surrey-heath-ccg,NHS Surrey Heath CCG,nhs
treasury-solicitors-department,Treasury Solicitor's Department,non-ministerial-department
highways-agency,Highways Agency,""
attorney-generals-office,Attorney General's Office,ministerial-department
cabinet-office,Cabinet Office,ministerial-department
department-for-business-innovation-and-skills,"Department for Business, Innovation and Skills",ministerial-department
department-for-education,Department for Education,ministerial-department
department-for-culture-media-and-sport,"Department for Culture, Media and Sport",ministerial-department
department-for-communities-and-local-government,Department for Communities and Local Government,ministerial-department
department-for-international-development,Department for International Development,ministerial-department
department-for-work-and-pensions,Department for Work and Pensions,ministerial-department
department-of-energy-and-climate-change,Department of Energy and Climate Change,ministerial-department
department-of-health,Department of Health,ministerial-department
foreign-and-commonwealth-office,Foreign and Commonwealth Office,ministerial-department
hm-treasury,HM Treasury,ministerial-department
her-majestys-revenue-and-customs,Her Majesty's Revenue and Customs,non-ministerial-department
home-office,Home Office,ministerial-department
ministry-of-justice,Ministry of Justice,ministerial-department
ministry-of-defence,Ministry of Defence,ministerial-department
northern-ireland-office,Northern Ireland Office,ministerial-department
scotland-office,Scotland Office,ministerial-department
government-legal-department,Government Legal Department,non-ministerial-department
wales-office,Wales Office,ministerial-department
melton-borough-council,Melton Borough Council,local-council
nhs-derbyshire-county,NHS Derbyshire County,nhs
nhs-derby-city,NHS Derby City,nhs
canal-river-trust,Canal & River Trust,charity-ngo
brentwood-borough-council,Brentwood Borough Council,local-council
charity-commissions-for-england-and-wales,Charity commissions for England and Wales,alb
belfast-city-council,Belfast City Council,local-council
geoplace,Geoplace,private
tonbridge-and-malling-borough-council,Tonbridge and Malling Borough Council,local-council
ordnance-survey,Ordnance Survey,non-ministerial-department
the-disclosure-and-barring-service,The Disclosure and Barring Service,executive-ndpb
torbay-and-southern-devon-health-and-care-nhs-trust,Torbay and Southern Devon Health and Care NHS Trust,nhs
dudley-and-walsall-mental-health-partnership-nhs-trust,Dudley and Walsall Mental Health Partnership NHS Trust,nhs
east-devon-district-council,East Devon District Council,local-council
childrens-workforce-development-council,Children's Workforce Development Council,other
north-york-moors-national-park-authority,North York Moors National Park Authority,other
agri-food-and-biosciences-institute,Agri-Food and Biosciences Institute,alb
aberdeen-city-council,Aberdeen City Council,local-council
north-west-public-health-observatory,North West Public Health Observatory,
wycombe-district-council,Wycombe District Council,local-council
nuclear-decommissioning-authority,Nuclear Decommissioning Authority,executive-ndpb
lincolnshire-partnership-nhs-foundation-trust,Lincolnshire Partnership NHS Foundation Trust,nhs
nhs-nottingham-north-east-ccg,NHS Nottingham North & East CCG,nhs
nhs-mansfield-and-ashfield-ccg,NHS Mansfield and Ashfield CCG,nhs
college-of-policing,College of Policing,alb
county-durham-primary-care-trust,County Durham Primary Care Trust,alb
northern-ireland-cancer-registry,Northern Ireland Cancer Registry,alb
craven-district-council,Craven District Council,local-council
academics,Academics,grouping
government-equalities-office,Government Equalities Office,other
student-loans-company-limited,Student Loans Company Limited,executive-ndpb
university-of-edinburgh,University of Edinburgh,other
nhs-county-durham,NHS County Durham (PCT),nhs
healthcare-quality-improvement-partnership,Healthcare Quality Improvement Partnership,""
united-kingdom-hydrographic-office-old,United Kingdom Hydrographic Office,alb
scottish-consortium-for-learning-disability,Scottish Consortium for Learning Disability,private
land-registry,Land Registry,non-ministerial-department
nhs-england,NHS England,executive-ndpb
public-health-england,Public Health England,executive-agency
nhs-scotland,NHS Scotland,
nhs-information-centre-for-health-and-social-care,NHS Information Centre for Health and Social Care,""
north-tyneside-metropolitan-borough-council,North Tyneside Metropolitan Borough Council,local-council
valuation-tribunals,Valuation Tribunals,alb
nhs-connecting-for-health-and-nhs-business-services-authority,NHS Connecting for Health and NHS Business Services Authority,alb
housing-and-communities-agency,Housing and Communities Agency,alb
prisons-and-probation-ombudsman,Prisons and Probation Ombudsman,other
nhs-newark-sherwood-ccg,NHS Newark & Sherwood CCG,nhs
nhs-nottingham-west-ccg,NHS Nottingham West CCG,nhs
nhs-north-derbyshire-ccg,NHS North Derbyshire CCG,nhs
nhs-erewash-ccg,NHS Erewash CCG,nhs
nhs-hardwick-ccg,NHS Hardwick CCG,nhs
nhs-leeds-south-east-ccg,NHS Leeds South & East CCG,nhs
nhs-rushcliffe-ccg,NHS Rushcliffe CCG,nhs
previous-nhs-institutions,Previous NHS Institutions,grouping
nhs-north-manchester-ccg,NHS North Manchester CCG,nhs
united-kingdom-hydrographic-office,United Kingdom Hydrographic Office,executive-agency
nhs-south-manchester-ccg,NHS South Manchester CCG,nhs
nhs-cheshire-and-merseyside-commissioning-support-unit,NHS Cheshire and Merseyside Commissioning Support Unit,nhs
nhs-central-manchester-ccg,NHS Central Manchester CCG,nhs
nhs-stockport-clinical-commissioning-group,NHS Stockport Clinical Commissioning Group,alb
environment-agency,Environment Agency,executive-ndpb
barrow-borough-council,Barrow Borough Council,local-council
transport-focus,Transport Focus,executive-ndpb
nhs-south-sefton-ccg,NHS South Sefton CCG,nhs
nhs-liverpool-ccg,NHS Liverpool CCG,nhs
nhs-west-cheshire-ccg,NHS West Cheshire CCG,nhs
nhs-warrington-ccg,NHS Warrington CCG,nhs
nhs-east-cheshire-ccg,NHS East Cheshire CCG,nhs
nhs-southport-and-formby-ccg,NHS Southport and Formby CCG,nhs
nhs-durham-dales-easington-and-sedgefield-ccg,"NHS Durham Dales, Easington and Sedgefield CCG",nhs
nhs-gateshead-ccg,NHS Gateshead CCG,nhs
nhs-newcastle-north-and-east-ccg,NHS Newcastle North and East CCG,nhs
nhs-newcastle-west-ccg,NHS Newcastle West CCG,nhs
nhs-north-durham-ccg,NHS North Durham CCG,nhs
nhs-northumberland-ccg,NHS Northumberland CCG,nhs
nhs-south-tees-ccg,NHS South Tees CCG,nhs
nhs-south-tyneside-ccg,NHS South Tyneside CCG,nhs
nhs-sunderland-ccg,NHS Sunderland CCG,nhs
nhs-blackpool-ccg,NHS Blackpool CCG,nhs
nhs-bolton-ccg,NHS Bolton CCG,nhs
nhs-bury-ccg,NHS Bury CCG,nhs
nhs-chorley-and-south-ribble-ccg,NHS Chorley and South Ribble CCG,nhs
nhs-greater-preston-ccg,NHS Greater Preston CCG,nhs
nhs-halton-ccg,NHS Halton CCG,nhs
nhs-east-lancashire-ccg,NHS East Lancashire CCG,nhs
nhs-salford-ccg,NHS Salford CCG,nhs
nhs-cumbria-ccg,NHS Cumbria CCG,nhs
nhs-lancashire-north-ccg,NHS Lancashire North CCG,nhs
nhs-south-cheshire-ccg,NHS South Cheshire CCG,nhs
nhs-vale-royal-ccg,NHS Vale Royal CCG,nhs
nhs-wigan-borough-ccg,NHS Wigan Borough CCG,nhs
nhs-st-helens-ccg,NHS St Helens CCG,nhs
nhs-tameside-and-glossop-ccg,NHS Tameside and Glossop CCG,nhs
nhs-trafford-ccg,NHS Trafford CCG,nhs
nhs-west-lancashire-ccg,NHS West Lancashire CCG,nhs
nhs-airedale-wharfedale-and-craven-ccg,"NHS Airedale, Wharfedale and Craven CCG",nhs
nhs-barnsley-ccg,NHS Barnsley CCG,nhs
nhs-bassetlaw-ccg,NHS Bassetlaw CCG,nhs
nhs-bradford-districts-ccg,NHS Bradford Districts CCG,nhs
nhs-greater-huddersfield-ccg,NHS Greater Huddersfield CCG,nhs
nhs-leeds-north-ccg,NHS Leeds North CCG,nhs
nhs-bradford-city-ccg,NHS Bradford City CCG,nhs
nhs-doncaster-ccg,NHS Doncaster CCG,nhs
nhs-east-riding-of-yorkshire-ccg,NHS East Riding of Yorkshire CCG,nhs
nhs-leeds-west-ccg,NHS Leeds West CCG,nhs
nhs-harrogate-and-rural-district-ccg,NHS Harrogate and Rural District CCG,nhs
nhs-north-kirklees-ccg,NHS North Kirklees CCG,nhs
nhs-sheffield-ccg,NHS Sheffield CCG,nhs
nhs-east-leicestershire-and-rutland-ccg,NHS East Leicestershire and Rutland CCG,nhs
nhs-north-east-lincolnshire-ccg,NHS North East Lincolnshire CCG,alb
nhs-north-lincolnshire-ccg,NHS North Lincolnshire CCG,nhs
nhs-rotherham-ccg,NHS Rotherham CCG,nhs
nhs-wakefield-ccg,NHS Wakefield CCG,nhs
nhs-lincolnshire-east-ccg,NHS Lincolnshire East CCG,nhs
nhs-vale-of-york,NHS Vale of York CCG,nhs
nhs-corby-ccg,NHS Corby CCG,nhs
nhs-leicester-city-ccg,NHS Leicester City CCG,nhs
nhs-lincolnshire-west-ccg,NHS Lincolnshire West CCG,nhs
nhs-newark-and-sherwood-ccg,NHS Newark and Sherwood CCG,alb
nhs-nottingham-north-and-east-ccg,NHS Nottingham North and East CCG,alb
nhs-milton-keynes-ccg,NHS Milton Keynes CCG,nhs
nhs-nene-ccg,NHS Nene CCG,nhs
nhs-birmingham-south-and-central-ccg,NHS Birmingham South and Central CCG,nhs
nhs-dudley-ccg,NHS Dudley CCG,nhs
nhs-cannock-chase-ccg,NHS Cannock Chase CCG,nhs
nhs-coventry-and-rugby-ccg,NHS Coventry and Rugby CCG,nhs
nhs-east-staffordshire-ccg,NHS East Staffordshire CCG,nhs
nhs-herefordshire-ccg,NHS Herefordshire CCG,nhs
nhs-warwickshire-north-ccg,NHS Warwickshire North CCG,nhs
nhs-north-staffordshire-ccg,NHS North Staffordshire CCG,nhs
nhs-redditch-and-bromsgrove-ccg,NHS Redditch and Bromsgrove CCG,nhs
nhs-sandwell-and-west-birmingham-ccg,NHS Sandwell and West Birmingham CCG,nhs
nhs-shropshire-ccg,NHS Shropshire CCG,nhs
nhs-solihull-ccg,NHS Solihull CCG,nhs
nhs-south-east-staffs-and-seisdon-peninsular-ccg,NHS South East Staffs and Seisdon Peninsular CCG,nhs
nhs-south-warwickshire-ccg,NHS South Warwickshire CCG,nhs
nhs-south-worcestershire-ccg,NHS South Worcestershire CCG,nhs
nhs-stafford-and-surrounds-ccg,NHS Stafford and Surrounds CCG,nhs
nhs-walsall,NHS Walsall,alb
nhs-telford-wrekin,NHS Telford & Wrekin,nhs
nhs-stoke-on-trent-ccg,NHS Stoke on Trent CCG,nhs
nhs-telford-and-wrekin-ccg,NHS Telford and Wrekin CCG,nhs
nhs-walsall-ccg,NHS Walsall CCG,nhs
nhs-wolverhampton-ccg,NHS Wolverhampton CCG,nhs
nhs-wyre-forest-ccg,NHS Wyre Forest CCG,nhs
nhs-great-yarmouth-and-waveney,NHS Great Yarmouth and Waveney,nhs
nhs-bedfordshire-ccg,NHS Bedfordshire CCG,nhs
nhs-east-and-north-hertfordshire-ccg,NHS East and North Hertfordshire CCG,nhs
nhs-ipswich-and-east-suffolk-ccg,NHS Ipswich and East Suffolk CCG,nhs
nhs-great-yarmouth-and-waveney-ccg,NHS Great Yarmouth and Waveney CCG,nhs
nhs-north-east-essex-ccg,NHS North East Essex CCG,nhs
nhs-herts-valley-ccg,NHS Herts Valley CCG,nhs
nhs-luton-ccg,NHS Luton CCG,nhs
nhs-mid-essex-ccg,NHS Mid Essex CCG,nhs
nhs-north-norfolk-ccg,NHS North Norfolk CCG,nhs
nhs-norwich-ccg,NHS Norwich CCG,nhs
nhs-thurrock-ccg,NHS Thurrock CCG,nhs
nhs-west-essex-ccg,NHS West Essex CCG,nhs
nhs-west-norfolk-ccg,NHS West Norfolk CCG,nhs
nhs-west-suffolk-ccg,NHS West Suffolk CCG,nhs
nhs-brent-ccg,NHS Brent CCG,nhs
nhs-bexley-ccg,NHS Bexley CCG,nhs
nhs-barking-and-dagenham-ccg,NHS Barking and Dagenham CCG,nhs
nhs-barnet-ccg,NHS Barnet CCG,nhs
nhs-croydon-ccg,NHS Croydon CCG,nhs
nhs-enfield-ccg,NHS Enfield CCG,nhs
nhs-greenwich-ccg,NHS Greenwich CCG,nhs
nhs-camden-ccg,NHS Camden CCG,nhs
nhs-city-and-hackney-ccg,NHS City and Hackney CCG,nhs
nhs-ealing-ccg,NHS Ealing CCG,nhs
nhs-hounslow-ccg,NHS Hounslow CCG,nhs
hm-passport-service,HM Passport Service,alb
nhs-harrow,NHS Harrow,nhs
nhs-havering,NHS Havering,nhs
nhs-hammersmith-and-fulham-ccg,NHS Hammersmith and Fulham CCG,nhs
nhs-harringey-ccg,NHS Harringey CCG,nhs
nhs-harrow-ccg,NHS Harrow CCG,nhs
nhs-havering-ccg,NHS Havering CCG,nhs
nhs-islington,NHS Islington,nhs
nhs-wandsworth-ccg,NHS Wandsworth CCG,nhs
nhs-hillingdon-ccg,NHS Hillingdon CCG,nhs
nhs-islington-ccg,NHS Islington CCG,nhs
nhs-kingston-ccg,NHS Kingston CCG,nhs
nhs-lambeth-ccg,NHS Lambeth CCG,nhs
nhs-newham-ccg,NHS Newham CCG,nhs
nhs-redbridge-ccg,NHS Redbridge CCG,nhs
nhs-lewisham-ccg,NHS Lewisham CCG,nhs
nhs-richmond-ccg,NHS Richmond CCG,nhs
nhs-southwark-ccg,NHS Southwark CCG,nhs
nhs-merton,NHS Merton CCG,nhs
nhs-tower-hamlets-ccg,NHS Tower Hamlets CCG,nhs
nhs-waltham-forest-ccg,NHS Waltham Forest CCG,nhs
nhs-central-london-westminster-ccg,NHS Central London (Westminster) CCG,nhs
nhs-ashford-ccg,NHS Ashford CCG,nhs
nhs-sutton-ccg,NHS Sutton CCG,nhs
nhs-brighton-and-hove-ccg,NHS Brighton and Hove CCG,nhs
nhs-canterbury-and-coastal-ccg,NHS Canterbury and Coastal CCG,nhs
nhs-eastbourne-hailsham-and-seaford-ccg,"NHS Eastbourne, Hailsham and Seaford CCG",nhs
nhs-coastal-west-sussex-ccg,NHS Coastal West Sussex CCG,nhs
nhs-dartford-gravesham-and-swanley-ccg,"NHS Dartford, Gravesham and Swanley CCG",nhs
health-education-england,Health Education England,other
hm-passport-office,HM Passport Office,executive-agency
independent-safeguarding-authority,Independent Safeguarding Authority,other
nhs-north-yorkshire-and-humber-csu,NHS North Yorkshire and Humber CSU,nhs
nhs-greater-east-midlands-csu,NHS Greater East Midlands CSU,nhs
nhs-east-surrey-ccg,NHS East Surrey CCG,nhs
sheffield-city-council,Sheffield City Council,local-council
runnymede-borough-council,Runnymede Borough Council,local-council
copeland-borough-council,Copeland Borough Council,local-council
nhs-wiltshire-ccg,NHS Wiltshire CCG,nhs
north-lincolnshire-council,North Lincolnshire Council,local-council
allerdale-borough-council,Allerdale Borough Council,local-council
nhs-hastings-and-rother-ccg,NHS Hastings and Rother CCG,nhs
nhs-high-weald-lewes-haven-ccg,NHS High Weald Lewes Haven CCG,nhs
nhs-horsham-and-mid-sussex-ccg,NHS Horsham and Mid Sussex CCG,nhs
bath-and-north-east-somerset-council,Bath and North East Somerset Council,local-council
nhs-bath-and-north-east-somerset-ccg,NHS Bath and North East Somerset CCG,nhs
nhs-guildford-and-waverley-ccg,NHS Guildford and Waverley CCG,nhs
nhs-bath-north-east-somerset-pct,NHS Bath & North East Somerset PCT,nhs
greater-manchester-csu,NHS Greater Manchester CSU,nhs
united-kingdom-environmental-observation-monitoring-programmes,United Kingdom Environmental Observation Monitoring Programmes,alb
companies-house,Companies House,executive-agency
english-heritage,English Heritage,executive-ndpb
marine-management-organisation,Marine Management Organisation,executive-ndpb
nhs-north-lincolnshire,NHS North Lincolnshire,nhs
west-and-south-yorkshire-and-bassetlaw-commissioning-support-unit,West and South Yorkshire and Bassetlaw Commissioning Support Unit,nhs
national-apprenticeship-service,National Apprenticeship Service,alb
university-for-industry-charitable-trust,University for Industry Charitable Trust,alb
royal-society-for-the-prevention-of-accidents,Royal Society for the Prevention of Accidents,alb
royal-society,Royal Society,alb
royal-academy-of-engineering,Royal Academy of Engineering,alb
uk-space-agency,UK Space Agency,executive-agency
citizens-advice-scotland,Citizens Advice Scotland,alb
film-industry-trading-board,Film Industry Trading Board,alb
competition-service,Competition Service,executive-ndpb
council-for-science-and-technology,Council for Science and Technology,advisory-ndpb
skills-funding-agency,Skills Funding Agency,executive-agency
tamworth-borough-council,Tamworth Borough Council,local-council
wychavon-district-council,Wychavon District Council,local-council
citizens-advice,Citizens Advice,alb
land-registration-rule-committee,Land Registration Rule Committee,advisory-ndpb
regulatory-policy-committee,Regulatory Policy Committee,advisory-ndpb
community-interests-companies-regulator,Community Interests Companies Regulator,alb
british-academy,British Academy,alb
united-kingdom-accreditation-service,United Kingdom Accreditation Service,alb
export-guarantees-advsiory-board,Export Guarantees Advisory Board,advisory-ndpb
national-council-for-graduate-entrepreneurship,National Council for Graduate Entrepreneurship,alb
british-standards-instution,British Standards Institution,alb
royal-mail-holdings-plc,Royal Mail Holdings Plc,gov-corporation
copyright-tribunal,Copyright Tribunal,tribunal-ndpb
office-of-manpower-economics,Office of Manpower Economics,other
business-bank,Business Bank,alb
insolvency-practitioners-tribunal,Insolvency Practitioners Tribunal,tribunal-ndpb
united-kingdom-export-finance,United Kingdom Export Finance,ministerial-department
financial-reporting-council,Financial Reporting Council,alb
united-kingdom-trade-and-investment,United Kingdom Trade and Investment,non-core-department
salford-city-council,Salford City Council,local-council
met-office,Met Office,executive-agency
office-of-communications,Office of Communications,other
visit-england,Visit England,advisory-ndpb
community-development-corporation,CDC,alb
health-safety-laboratory,Health & Safety Laboratory,alb
gambling-commission,Gambling Commission,executive-ndpb
health-research-authority,Health Research Authority,other
higher-education-funding-council-for-england,Higher Education Funding Council for England,executive-ndpb
independent-commission-for-aid-impact,Independent Commission for Aid Impact ,advisory-ndpb
natural-environment-research-council,Natural Environment Research Council,executive-ndpb
office-of-government-commerce,Office of Government Commerce,sub-organisation
driver-and-vehicle-licensing-agency,Driver and Vehicle Licensing Agency,executive-agency
health-and-social-care-information-centre,Health and Social Care Information Centre,executive-ndpb
national-college-for-teaching-and-leadership,National College for Teaching and Leadership,executive-agency
standards-and-testing-agency,Standards and Testing Agency,executive-agency
high-speed-rail-2-ltd,Another name,alb
air-accident-investigation-branch,Air Accident Investigation Branch,other
government-car-and-despatch-agency,Government Car and Despatch Agency,executive-agency
vehicle-certification-agency,Vehicle Certification Agency,executive-agency
defence-academy-of-the-united-kingdom,Defence Academy of the United Kingdom,other
defence-sixth-form-college,Defence Sixth Form College,other
driving-standards-agency,Driving Standards Agency,executive-agency
great-britain-china-centre,Great Britain-China Centre,executive-ndpb
service-personnel-and-veterans-agency,Service Personnel and Veterans Agency,executive-agency
chevening-foundation,Chevening Foundation,alb
british-geological-survey,British Geological Survey,alb
high-speed-2,High Speed 2 Limited,executive-ndpb
intellectual-property-office,Intellectual Property Office,executive-agency
independent-monitoring-board-secretariat,Independent Monitoring Board Secretariat,alb
court-funds-office,Court Funds Office,alb
fera,FERA,alb
official-solicitor-and-public-trustee,Official Solicitor and Public Trustee,other
leicester-city-council,Leicester City Council,local-council
the-food-and-environment-research-agency,The Food and Environment Research Agency,executive-agency
nhs-south-lincolnshire-ccg,NHS South Lincolnshire CCG,nhs
education-funding-agency,Education Funding Agency,executive-agency
office-for-national-statistics,Office for National Statistics,other
westminster-city-council,Westminster City Council,local-council
dorset-county-council,Dorset County Council,local-council
gateshead-council,Gateshead Council,local-council
selby-district-council,Selby District Council,local-council
norfolk-county-council,Norfolk County Council,local-council
newcastle-city-council,Newcastle City Council,local-council
architects-registration-board,Architects Registration Board,gov-corporation
general-teaching-council-for-england,General Teaching Council for England,executive-agency
local-government-association,Local Government Association,""
rural-payments-agency,Rural Payments Agency,executive-agency
united-kingdom-atomic-energy-authority,United Kingdom Atomic Energy Authority,executive-ndpb
swansea-city-council,City and County of Swansea,local-council
london-borough-of-newham,London Borough of Newham,local-council
mole-valley-district-council,Mole Valley District Council,local-council
dataset,National Dataset,""
